-1,-1,-1,-1,-1,-1,-1,-1,-1,-1,-1,-1,-1,-1,-1,-1,-1,-1,-1,-1,-1,-1,-1,-1,-1,185,186,187,188,189,-1,-1,-1,-1,-1,-1,-1,-1,-1,-1,-1,-1,-1,-1,-1,-1,-1,-1,-1,-1,-1,-1,-1,-1,-1,185,186,187,188,189,-1,-1,-1,-1,-1,-1,-1,-1,185,186,187,188,-1,189,-1,-1,-1,-1,-1,-1,-1,-1,-1,-1,-1,-1,-1,-1,-1,-1,-1,-1,-1,-1,-1,-1
-1,-1,-1,-1,-1,-1,-1,-1,-1,-1,-1,-1,-1,-1,-1,-1,-1,-1,-1,-1,-1,-1,-1,-1,-1,185,186,187,188,189,-1,-1,-1,-1,-1,-1,-1,-1,-1,-1,-1,-1,-1,-1,-1,-1,-1,-1,-1,-1,-1,-1,-1,-1,-1,185,186,187,188,189,-1,-1,-1,-1,-1,-1,-1,-1,185,186,187,188,-1,189,-1,-1,-1,-1,-1,-1,-1,-1,-1,-1,-1,-1,-1,-1,-1,-1,-1,-1,-1,-1,-1,-1
-1,-1,-1,-1,-1,-1,-1,-1,-1,-1,-1,-1,-1,-1,-1,-1,-1,-1,-1,-1,-1,-1,-1,-1,-1,185,186,187,188,189,-1,-1,-1,-1,-1,-1,-1,-1,-1,-1,-1,-1,-1,-1,-1,-1,-1,-1,-1,-1,-1,-1,-1,-1,-1,185,186,187,188,189,-1,-1,-1,-1,-1,-1,-1,-1,185,186,187,188,-1,189,-1,-1,-1,-1,-1,-1,-1,-1,-1,-1,-1,-1,-1,-1,-1,-1,-1,-1,-1,-1,-1,-1
-1,-1,-1,-1,-1,-1,-1,-1,-1,-1,-1,-1,-1,-1,-1,-1,-1,-1,-1,-1,-1,-1,-1,-1,-1,185,186,187,188,189,-1,-1,-1,-1,-1,-1,-1,-1,-1,-1,-1,-1,-1,-1,-1,-1,-1,-1,-1,-1,-1,-1,-1,-1,-1,185,186,187,188,189,-1,-1,-1,-1,-1,-1,-1,-1,185,186,187,188,-1,189,-1,-1,-1,-1,-1,-1,-1,-1,-1,-1,-1,-1,-1,-1,-1,-1,-1,-1,-1,-1,-1,-1
-1,-1,-1,-1,-1,-1,-1,-1,-1,-1,-1,-1,-1,-1,-1,-1,-1,-1,-1,-1,-1,-1,-1,-1,-1,185,186,187,188,189,-1,-1,-1,-1,-1,-1,-1,-1,-1,-1,-1,-1,-1,-1,-1,-1,-1,-1,-1,-1,-1,-1,-1,-1,-1,185,186,187,188,189,-1,-1,-1,-1,-1,-1,-1,-1,185,186,187,188,-1,189,-1,-1,-1,-1,-1,-1,-1,-1,-1,-1,-1,-1,-1,-1,-1,-1,-1,-1,-1,-1,-1,-1
-1,-1,-1,-1,-1,-1,-1,-1,-1,-1,-1,-1,-1,-1,-1,-1,-1,-1,-1,-1,-1,-1,-1,-1,-1,185,186,187,188,189,-1,-1,-1,-1,-1,-1,-1,-1,-1,-1,-1,-1,-1,-1,-1,-1,-1,-1,-1,-1,-1,-1,-1,-1,-1,185,186,187,188,189,-1,-1,-1,-1,-1,-1,-1,-1,185,186,187,188,-1,189,-1,-1,-1,-1,-1,-1,-1,-1,-1,-1,-1,-1,-1,-1,-1,-1,-1,-1,-1,-1,-1,-1
-1,-1,-1,-1,-1,-1,-1,-1,-1,-1,-1,-1,-1,-1,-1,-1,-1,-1,-1,-1,-1,-1,-1,-1,-1,185,186,187,188,189,-1,-1,-1,-1,-1,-1,-1,-1,-1,-1,-1,-1,-1,-1,-1,-1,-1,-1,-1,-1,-1,-1,-1,-1,-1,185,186,187,188,189,-1,-1,-1,-1,-1,-1,-1,-1,185,186,187,188,-1,189,-1,-1,-1,-1,-1,-1,-1,-1,-1,-1,-1,-1,-1,-1,-1,-1,-1,-1,-1,-1,-1,-1
-1,-1,-1,-1,-1,-1,-1,-1,-1,-1,-1,-1,-1,-1,-1,-1,-1,-1,-1,-1,-1,-1,-1,-1,-1,185,186,187,188,189,-1,-1,-1,-1,-1,-1,-1,-1,-1,-1,-1,-1,-1,-1,-1,-1,-1,-1,-1,-1,-1,-1,-1,-1,-1,185,186,187,188,189,-1,-1,-1,-1,-1,-1,-1,-1,185,186,187,188,-1,189,-1,-1,-1,-1,-1,-1,-1,-1,-1,-1,-1,-1,-1,-1,-1,-1,-1,-1,-1,-1,-1,-1
-1,-1,-1,-1,-1,-1,-1,-1,-1,-1,-1,-1,-1,-1,-1,-1,-1,-1,-1,-1,-1,-1,-1,-1,-1,185,186,187,188,189,-1,-1,-1,-1,-1,-1,-1,-1,-1,-1,-1,-1,-1,-1,-1,-1,-1,-1,-1,-1,-1,-1,-1,-1,-1,185,186,187,188,189,-1,-1,-1,-1,-1,-1,-1,-1,185,186,187,188,-1,189,-1,-1,-1,-1,-1,-1,-1,-1,-1,-1,-1,-1,-1,-1,-1,-1,-1,-1,-1,-1,-1,-1
-1,-1,-1,-1,-1,-1,-1,-1,-1,-1,-1,-1,-1,-1,-1,-1,-1,-1,-1,-1,-1,-1,-1,-1,-1,185,186,187,188,189,-1,-1,-1,-1,-1,-1,-1,-1,-1,-1,-1,-1,-1,-1,-1,-1,-1,-1,-1,-1,-1,-1,-1,-1,-1,185,186,187,188,189,-1,-1,-1,-1,-1,-1,-1,-1,185,186,187,188,-1,189,-1,-1,-1,-1,-1,-1,-1,-1,-1,-1,-1,-1,-1,-1,-1,-1,-1,-1,-1,-1,-1,-1
-1,-1,-1,-1,-1,-1,-1,-1,-1,-1,-1,-1,-1,-1,-1,-1,-1,-1,-1,-1,-1,-1,-1,-1,-1,185,186,187,188,189,-1,-1,-1,-1,-1,-1,-1,-1,-1,-1,-1,-1,-1,-1,-1,-1,-1,-1,-1,-1,-1,-1,-1,-1,-1,185,186,187,188,189,-1,-1,-1,-1,-1,-1,-1,-1,185,186,187,188,-1,189,-1,-1,-1,-1,-1,-1,-1,-1,-1,-1,-1,-1,-1,-1,-1,-1,-1,-1,-1,-1,-1,-1
-1,-1,-1,-1,-1,-1,-1,-1,-1,-1,-1,-1,-1,-1,-1,-1,-1,-1,-1,-1,-1,-1,-1,-1,-1,185,186,187,188,189,-1,-1,-1,-1,-1,-1,-1,-1,-1,-1,-1,-1,-1,-1,-1,-1,-1,-1,-1,-1,-1,-1,-1,-1,-1,185,186,187,188,189,-1,-1,-1,-1,-1,-1,-1,-1,185,186,187,188,-1,189,-1,-1,-1,-1,-1,-1,-1,-1,-1,-1,-1,-1,-1,-1,-1,-1,-1,-1,-1,-1,-1,-1
-1,-1,-1,-1,-1,-1,-1,-1,-1,-1,-1,-1,-1,-1,-1,-1,-1,-1,-1,-1,-1,-1,-1,-1,-1,185,186,187,188,189,-1,-1,-1,-1,-1,-1,-1,-1,-1,-1,-1,-1,-1,-1,-1,-1,-1,-1,-1,-1,-1,-1,-1,-1,-1,185,186,187,188,189,-1,-1,-1,-1,-1,-1,-1,-1,185,186,187,188,-1,189,-1,-1,-1,-1,-1,-1,-1,-1,-1,-1,-1,-1,-1,-1,-1,-1,-1,-1,-1,-1,-1,-1
-1,-1,-1,-1,-1,-1,-1,-1,-1,-1,-1,-1,-1,-1,-1,-1,-1,-1,-1,-1,-1,-1,-1,-1,-1,185,186,187,188,189,-1,-1,-1,-1,-1,-1,-1,-1,-1,-1,-1,-1,-1,-1,-1,-1,-1,-1,-1,-1,-1,-1,-1,-1,-1,185,186,187,188,189,-1,-1,-1,-1,-1,-1,-1,-1,185,186,187,188,-1,189,-1,-1,-1,-1,-1,-1,-1,-1,-1,-1,-1,-1,-1,-1,-1,-1,-1,-1,-1,-1,-1,-1
-1,-1,-1,-1,-1,-1,-1,-1,-1,-1,-1,-1,-1,-1,-1,-1,-1,-1,-1,-1,-1,-1,-1,-1,-1,185,186,187,188,189,-1,-1,-1,-1,-1,-1,-1,-1,-1,-1,-1,-1,-1,-1,-1,-1,-1,-1,-1,-1,-1,-1,-1,-1,-1,185,186,187,188,189,-1,-1,-1,-1,-1,-1,-1,-1,185,186,187,188,-1,189,-1,-1,-1,-1,-1,-1,-1,-1,-1,-1,-1,-1,-1,-1,-1,-1,-1,-1,-1,-1,-1,-1
-1,-1,-1,-1,-1,-1,-1,-1,-1,-1,-1,-1,-1,-1,-1,-1,-1,-1,-1,-1,-1,-1,-1,-1,-1,185,186,187,188,189,-1,-1,-1,-1,-1,-1,-1,-1,-1,-1,-1,-1,-1,-1,-1,-1,-1,-1,-1,-1,-1,-1,-1,-1,-1,185,186,187,188,189,-1,-1,-1,-1,-1,-1,-1,-1,185,186,187,188,-1,189,-1,-1,-1,-1,-1,-1,-1,-1,-1,-1,-1,-1,-1,-1,-1,-1,-1,-1,-1,-1,-1,-1
-1,-1,-1,-1,-1,-1,-1,-1,-1,-1,-1,-1,-1,-1,-1,-1,-1,-1,-1,-1,-1,-1,-1,-1,-1,185,186,187,188,189,-1,-1,-1,-1,-1,-1,-1,-1,-1,-1,-1,-1,-1,-1,-1,-1,-1,-1,-1,-1,-1,-1,-1,-1,-1,185,186,187,188,189,-1,-1,-1,-1,-1,-1,-1,-1,185,186,187,188,-1,189,-1,-1,-1,-1,-1,-1,-1,-1,-1,-1,-1,-1,-1,-1,-1,-1,-1,-1,-1,-1,-1,-1
-1,-1,-1,-1,-1,-1,-1,-1,-1,-1,-1,-1,-1,-1,-1,-1,-1,-1,-1,-1,-1,-1,-1,-1,-1,185,186,187,188,189,-1,-1,-1,-1,-1,-1,-1,-1,-1,-1,-1,-1,-1,-1,-1,-1,-1,-1,-1,-1,-1,-1,-1,-1,-1,185,186,187,188,189,-1,-1,-1,-1,-1,-1,-1,-1,185,186,187,188,-1,189,-1,-1,-1,-1,-1,-1,-1,-1,-1,-1,-1,-1,-1,-1,-1,-1,-1,-1,-1,-1,-1,-1
-1,-1,-1,-1,-1,-1,-1,-1,-1,-1,-1,-1,-1,-1,-1,-1,-1,-1,-1,-1,-1,-1,-1,-1,-1,185,186,187,188,189,-1,-1,-1,-1,-1,-1,-1,-1,-1,-1,-1,-1,-1,-1,-1,-1,-1,-1,-1,-1,-1,-1,-1,-1,-1,185,186,187,188,189,-1,-1,-1,-1,-1,-1,-1,-1,185,186,187,188,-1,189,-1,-1,-1,-1,-1,-1,-1,-1,-1,-1,-1,-1,-1,-1,-1,-1,-1,-1,-1,-1,-1,-1
-1,-1,-1,-1,-1,-1,-1,-1,-1,-1,-1,-1,-1,-1,-1,-1,-1,-1,-1,-1,-1,-1,-1,-1,-1,185,186,187,188,189,-1,-1,-1,-1,-1,4,5,6,7,8,9,10,-1,-1,-1,-1,-1,-1,-1,-1,-1,-1,-1,-1,-1,185,186,187,188,189,-1,-1,-1,-1,-1,-1,-1,-1,185,186,187,188,-1,189,-1,-1,-1,-1,-1,-1,13,14,15,16,16,16,16,16,17,-1,-1,-1,-1,-1,-1,-1
-1,-1,-1,-1,-1,-1,-1,-1,-1,-1,-1,-1,-1,-1,-1,-1,-1,-1,-1,-1,-1,-1,-1,-1,-1,185,186,187,188,189,-1,-1,-1,-1,-1,24,25,26,27,28,28,28,28,29,30,-1,-1,-1,-1,-1,-1,-1,-1,-1,-1,185,186,187,188,189,-1,-1,-1,-1,-1,-1,-1,-1,185,186,187,188,-1,189,-1,-1,-1,-1,-1,-1,33,34,35,36,36,36,36,36,58,-1,-1,-1,-1,-1,-1,-1
-1,-1,-1,-1,-1,-1,-1,-1,-1,-1,-1,-1,-1,-1,-1,-1,-1,-1,-1,-1,-1,-1,-1,-1,-1,185,186,187,188,189,-1,-1,-1,-1,-1,44,45,46,47,48,48,48,48,49,50,-1,-1,-1,-1,-1,-1,-1,-1,-1,-1,205,206,207,208,209,-1,-1,-1,-1,-1,-1,-1,-1,185,186,187,188,-1,189,-1,-1,-1,-1,-1,-1,133,134,135,136,137,135,136,137,138,-1,-1,-1,-1,-1,-1,-1
-1,-1,-1,-1,-1,-1,-1,-1,-1,-1,-1,-1,-1,-1,-1,-1,-1,-1,-1,-1,-1,-1,-1,-1,-1,185,186,187,188,189,-1,-1,-1,-1,-1,124,125,66,67,68,68,68,68,129,130,-1,-1,-1,-1,-1,-1,-1,-1,-1,-1,-1,-1,-1,-1,-1,-1,-1,-1,-1,-1,-1,-1,-1,205,206,207,208,208,209,-1,-1,-1,-1,-1,-1,153,154,155,156,157,-1,156,157,158,-1,-1,-1,-1,-1,-1,-1
0,1,2,3,-1,-1,-1,-1,-1,-1,-1,-1,-1,-1,-1,-1,-1,-1,-1,-1,-1,-1,-1,-1,-1,185,186,187,188,189,-1,-1,-1,-1,-1,-1,-1,-1,-1,-1,-1,-1,-1,-1,-1,-1,-1,-1,-1,-1,-1,-1,-1,-1,-1,-1,-1,-1,-1,-1,-1,-1,-1,-1,-1,-1,-1,-1,-1,-1,-1,-1,-1,-1,-1,-1,-1,-1,-1,-1,-1,-1,-1,-1,-1,-1,-1,-1,-1,-1,-1,-1,-1,-1,-1,-1
20,21,22,23,-1,-1,-1,-1,-1,-1,-1,-1,-1,-1,-1,-1,-1,-1,-1,-1,-1,-1,-1,-1,-1,205,206,207,208,209,-1,-1,-1,-1,-1,-1,-1,-1,-1,-1,-1,-1,-1,-1,-1,-1,-1,-1,-1,-1,-1,-1,-1,-1,-1,-1,-1,-1,-1,-1,-1,-1,-1,-1,-1,-1,-1,-1,-1,-1,-1,-1,-1,-1,-1,-1,-1,-1,-1,-1,-1,-1,-1,-1,-1,-1,-1,-1,-1,-1,-1,-1,-1,-1,-1,-1
40,41,42,43,-1,-1,-1,-1,-1,-1,-1,-1,-1,-1,-1,-1,-1,-1,-1,-1,-1,-1,-1,-1,-1,-1,-1,-1,-1,-1,-1,-1,-1,-1,-1,-1,-1,-1,-1,-1,-1,-1,-1,-1,-1,-1,-1,-1,-1,-1,-1,-1,-1,-1,-1,-1,-1,-1,-1,-1,-1,-1,-1,-1,-1,-1,-1,-1,-1,-1,-1,-1,-1,-1,-1,-1,-1,-1,-1,-1,-1,-1,-1,-1,-1,-1,-1,-1,-1,-1,-1,-1,-1,-1,-1,-1
60,61,62,63,-1,467,468,-1,-1,-1,-1,-1,-1,-1,-1,-1,-1,-1,-1,-1,467,468,469,470,471,472,473,474,475,476,-1,-1,-1,-1,-1,-1,-1,-1,-1,-1,-1,-1,-1,-1,-1,-1,-1,-1,-1,-1,-1,-1,-1,-1,-1,-1,-1,-1,-1,-1,-1,-1,-1,-1,-1,-1,-1,-1,-1,-1,-1,-1,-1,-1,-1,-1,-1,-1,-1,-1,-1,-1,-1,-1,-1,-1,-1,-1,-1,-2147483062,-2147483063,-2147483064,-2147483065,-2147483066,-2147483067,-1
80,81,82,83,-1,487,488,-1,-1,-1,-1,-1,-1,-1,-1,-1,-1,-1,-1,-1,487,488,489,490,491,492,493,494,495,496,-1,-1,-1,-1,-1,-1,-1,-1,-1,-1,-1,-1,-1,-1,199,-1,-1,-1,-1,-1,-1,-1,-1,-1,-1,-1,-1,-1,-1,-1,-1,-1,-1,-1,-1,-1,-1,-1,-1,-1,-1,-1,-1,-1,-1,-1,-1,-1,-1,-1,520,521,-1,-1,-1,-1,-1,-1,-1,-2147483042,-2147483043,-2147483044,-2147483045,-2147483046,-2147483047,-1
100,101,102,103,8,8,8,460,461,-1,-1,-1,249,-1,-1,521,522,523,524,525,507,508,509,510,511,512,513,514,515,520,521,522,523,524,525,526,-1,-1,-1,-1,380,381,382,383,219,-1,-1,-1,-1,-1,-1,-1,-1,-1,-1,-1,-1,-1,-1,-1,-1,-1,-1,-1,-1,-1,-1,-1,-1,-1,-1,-1,-1,-1,-1,-1,-1,-1,-1,520,521,522,523,524,525,526,-1,-1,-1,-2147483022,-2147483023,-2147483024,-2147483025,-2147483026,-2147483027,-2147483007
27,28,28,28,28,28,28,28,28,28,29,8,249,-1,540,541,542,543,544,545,527,528,529,530,531,532,533,534,535,540,541,542,543,544,545,546,567,568,569,-1,400,401,402,403,239,-1,-1,-1,-1,-1,-1,-1,-1,442,443,444,445,-1,-1,-1,-1,-1,-1,-1,-1,-1,-1,-1,-1,-1,-1,-1,-1,-1,-1,-1,570,571,572,540,541,542,543,544,545,546,-1,-1,-1,-2147483002,-2147483003,-2147483004,-2147483005,-2147483006,-2147483007,-1
46,54,55,56,55,54,55,56,26,26,27,28,29,-1,560,561,562,563,564,565,547,548,549,550,551,552,553,554,555,560,561,562,563,564,565,566,587,588,14,14,420,421,422,423,259,14,14,14,14,14,15,460,461,462,463,464,465,-1,192,193,192,193,194,-1,192,193,194,-1,-1,-1,177,175,176,177,192,193,590,591,592,560,561,562,563,564,565,566,15,16,14,15,-2147482983,-2147482984,-2147482985,15,16,14
45,46,47,93,93,45,46,47,48,48,48,46,47,48,49,45,46,47,48,49,45,114,114,34,35,36,34,54,55,34,34,35,36,34,34,34,34,34,34,34,34,34,34,34,34,34,34,34,34,34,35,36,36,34,35,36,36,71,212,213,214,213,214,196,197,213,214,213,214,212,213,214,212,213,212,213,-2147483612,-2147483612,-2147483613,26,27,93,54,55,56,54,54,54,54,54,93,93,93,55,56,77
45,46,47,48,93,93,54,55,48,93,93,48,47,114,114,114,93,93,93,93,93,93,114,114,93,93,93,47,48,49,45,46,47,54,55,93,46,47,48,93,93,46,47,48,93,93,46,54,55,47,48,49,54,55,56,77,77,-1610612621,-1,-1,-1,-1,-1,-1,-1,-1,-1,-1,-1,-1,-1,-1,-1,-1,-1,-1,-2147483579,-2147483571,-2147483571,-2147483592,93,93,93,93,93,77,77,97,97,97,97,97,97,93,97,77
46,47,48,49,45,46,93,93,114,114,48,48,48,114,114,93,93,93,93,114,114,93,47,114,93,46,47,54,55,48,45,46,47,48,93,93,93,47,48,93,93,46,47,93,93,46,47,93,93,93,93,93,93,93,56,97,97,-1610612621,164,164,164,164,164,164,164,164,164,164,164,164,164,164,164,164,164,164,-2147483559,-2147483551,-2147483551,-2147483592,46,47,54,55,54,93,93,93,93,93,93,54,54,93,54,97
